Trait	best_fisher_p	best_fisher_q	best_empirical_p	best_fq*ep
Phenotype1	0.011437908496732	1.0	0.03980099502487562	0.03980099502487562
Phenotype6	0.0285714285714284	1.0	0.03482587064676617	0.03482587064676617
Phenotype3	0.0456140350877193	1.0	0.029850746268656716	0.029850746268656716
Phenotype5	0.0077030812324929	1.0	0.01990049751243781	0.01990049751243781
